n_max,Delta (dB),Approx. overlap,r0 (dB),c0_0,c0_2,c0_4,c0_6,c0_8,c0_10,c0_12,Navg0,Fidelity0,r1 (dB),c1_0,c1_2,c1_4,c1_6,c1_8,c1_10,c1_12,Navg1,Fidelity1
2,3.0,0.08492327588766353,-2.9819898078654656,1.0,-6.228683891077239e-06,0.0,0.0,0.0,0.0,0.0,0.12256223221987861,0.9963372211370227,1.2728190204936696,0.5720989363111869,0.8201846177076186,0.0,0.0,0.0,0.0,0.0,1.227951065058106,0.9860428963578495
2,3.2,0.07255932481545026,-3.1838419520638332,1.0,-5.464997505728263e-06,0.0,0.0,0.0,0.0,0.0,0.14048167636841116,0.9951413650844156,1.225325660205916,0.5606347334192585,0.8280632196178731,0.0,0.0,0.0,0.0,0.0,1.2586537716568726,0.9838167926506388
2,3.4,0.06136979736944563,-3.3857836575591382,1.0,-5.785374909974084e-06,0.0,0.0,0.0,0.0,0.0,0.15979263769555718,0.9936392923523178,1.180731306087289,0.5494981089440412,0.8354949600488263,0.0,0.0,0.0,0.0,0.0,1.2879099985427622,0.981316180256322
2,3.6,0.0513221442714936,-3.5878878900701467,1.0,5.412845147716809e-06,0.0,0.0,0.0,0.0,0.0,0.18056268171039877,0.9917771732268316,1.1389298521445541,0.5387017273336474,0.8424965572438535,0.0,0.0,0.0,0.0,0.0,1.3157302535279933,0.978521162725035
2,3.8,0.04237520490028931,-3.7897974948334006,1.0,5.196776407649056e-06,0.0,0.0,0.0,0.0,0.0,0.2027707618963704,0.9894977645053216,1.0998106598891741,0.5282550011124073,0.8490857752899806,0.0,0.0,0.0,0.0,0.0,1.3421356506045696,0.9754123500701418
2,4.0,0.03448057517141612,-3.991608545903507,1.0,6.318090650718816e-06,0.0,0.0,0.0,0.0,0.0,0.22648811334163396,0.9867415468968048,1.0632600526182574,0.5181645092282317,0.855280972182917,0.0,0.0,0.0,0.0,0.0,1.3671557821262361,0.9719710612826912
2,4.2,0.027584091279156737,-4.1931038940304,1.0,-5.032865593426905e-06,0.0,0.0,0.0,0.0,0.0,0.2517140873757158,0.9834481331967774,1.029161846708583,0.5084340894727529,0.8611009096882978,0.0,0.0,0.0,0.0,0.0,1.3908275496254132,0.9681794894339761
2,4.4,0.021627202804713926,-4.394545271222535,1.0,-5.025415009231318e-06,0.0,0.0,0.0,0.0,0.0,0.27856800112287333,0.9795579133374759,0.9973987050295143,0.499065073727112,0.866564511266041,0.0,0.0,0.0,0.0,0.0,1.4131937371863885,0.9640208197575417
2,4.6,0.01654834548427994,-4.595773159600957,1.0,-5.651262113922772e-06,0.0,0.0,0.0,0.0,0.0,0.30706497873197264,0.9750138825132935,0.967852415600622,0.4900565753439991,0.8716906291581387,0.0,0.0,0.0,0.0,0.0,1.4343016384660356,0.9594792947667775
2,4.8,0.012284304589958316,-4.796807002531268,1.0,-5.137171719020173e-06,0.0,0.0,0.0,0.0,0.0,0.33726696347712176,0.9697635795677358,0.9404059365298223,0.4814058072230904,0.8764978315842539,0.0,0.0,0.0,0.0,0.0,1.4542016865012402,0.9545402251538286
2,5.0,0.00877121334211113,-4.997767325710093,1.0,5.464999171016243e-06,0.0,0.0,0.0,0.0,0.0,0.36927167970076485,0.9637610465016486,0.9149429372595212,0.47310820004061954,0.881004330894359,0.0,0.0,0.0,0.0,0.0,1.4729467371542337,0.9491899505135781
2,5.2,0.0059455502169531325,-5.1984297302657625,1.0,6.284559944148196e-06,0.0,0.0,0.0,0.0,0.0,0.40306800500311957,0.9569687082182656,0.8913492213671768,0.4651577903138096,0.8852277843081666,0.0,0.0,0.0,0.0,0.0,1.4905908002595003,0.94341575931602
2,5.4,0.003744915768387659,-5.398774929661501,1.0,-6.06849657157442e-06,0.0,0.0,0.0,0.0,0.0,0.43870513166610603,0.949359066302421,0.8695131941525449,0.457547320570624,0.8891852728418905,0.0,0.0,0.0,0.0,0.0,1.5071885309398156,0.9372057824389969
2,5.6,0.0021086399720711504,-5.599144695407708,1.0,-6.00889249416608e-06,0.0,0.0,0.0,0.0,0.0,0.4763714181884627,0.9409161032017376,0.8493263121003656,0.45026853077407325,0.892893190809962,0.0,0.0,0.0,0.0,0.0,1.5227943984975798,0.9305488784240585
2,5.8,0.0009783054823820337,-5.799421464154451,1.0,-5.036590373055501e-06,0.0,0.0,0.0,0.0,0.0,0.5160997427106835,0.9316363044086421,0.8306834550771505,0.44331236608024943,0.8963671937774333,0.0,0.0,0.0,0.0,0.0,1.5374621188325268,0.9234345309759023
2,6.0,0.00029808015671973733,-5.999606253041712,1.0,-5.047764130233938e-06,0.0,0.0,0.0,0.0,0.0,0.5579672387641655,0.9215292259666769,0.8134835809307761,0.4366690838423935,0.899622204714983,0.0,0.0,0.0,0.0,0.0,1.5512443420072535,0.9158527797782369
2,6.2,1.5014802503753709e-05,-6.199730639741448,1.0,-5.107369412690714e-06,0.0,0.0,0.0,0.0,0.0,0.6020691775099555,0.9106175616097396,0.797629788889488,0.4303285251263391,0.9026723439114497,0.0,0.0,0.0,0.0,0.0,1.5641920881054412,0.9077942043064517
2,6.4,7.922066490789764e-05,-6.400065693544405,0.9999999998796998,1.551129905615874e-05,0.0,0.0,0.0,0.0,0.0,0.6486222800192838,0.898936695837898,0.7830294988405706,0.42428017476491536,0.905530967649122,0.0,0.0,0.0,0.0,0.0,1.5763546464733404,0.8992499770215274
2,6.6,0.0004439972991530213,-6.599996032424396,1.0,5.632636297793127e-06,0.0,0.0,0.0,0.0,0.0,0.6974308547014296,0.8865337632282205,0.7695945495146148,0.41851325954311674,0.9082106867830448,0.0,0.0,0.0,0.0,0.0,1.587779428545161,0.890211997340921
2,6.8,0.0010658964477021269,-6.800036867090884,1.0,6.377696404316044e-06,0.0,0.0,0.0,0.0,0.0,0.7488379914579407,0.8734662668941161,0.7572414769673554,0.41301700427820803,0.9107233137361416,0.0,0.0,0.0,0.0,0.0,1.5985115482128163,0.8806731114563842
2,7.0,0.001904747428086522,-6.99986222013759,1.0,-9.387730543522413e-06,0.0,0.0,0.0,0.0,0.0,0.8027795313535815,0.8598003369910696,0.7458910742189723,0.4077805161578603,0.9130799804192012,0.0,0.0,0.0,0.0,0.0,1.6085941508780055,0.8706274158738426
2,7.2,0.0029236213466174482,-7.200670756902866,0.999999998456247,5.5565393423662464e-05,0.0,0.0,0.0,0.0,0.0,0.8600492288972998,0.8456087308441693,0.7354692588934588,0.4027930961148652,0.9152910584883533,0.0,0.0,0.0,0.0,0.0,1.6180679091138443,0.8600706350326424
2,7.4,0.004088782540640268,-7.400491873317522,0.9999999991768915,4.057359684029645e-05,0.0,0.0,0.0,0.0,0.0,0.9196476322299552,0.830968687935663,0.725906034551433,0.3980441370703396,0.9173662654272814,0.0,0.0,0.0,0.0,0.0,1.62697136926113,0.8490005561090656
2,7.6,0.005369621669510366,-7.597304974416128,0.9999999759817698,-0.0002191722179982589,0.0,0.0,0.0,0.0,0.0,0.9803153629114842,0.8159597550510121,0.7171356630063243,0.3935231611395889,0.9193147022068303,0.0,0.0,0.0,0.0,0.0,1.6353409923510815,0.8374174977174476
2,7.8,0.006738490714111453,-7.803020695833003,0.9999999697410615,0.00024600381578429077,0.0,0.0,0.0,0.0,0.0,1.0499283305535878,0.8006616899084774,0.7090969151818725,0.38922003097266644,0.9211448135347685,0.0,0.0,0.0,0.0,0.0,1.6432108878235845,0.8253247842558581
2,8.0,0.008170619199409368,-8.000121662084819,1.0,9.95024948956944e-06,0.0,0.0,0.0,0.0,0.0,1.1171020507197618,0.7851525370753007,0.7017325274023882,0.3851248311959338,0.9228644886419151,0.0,0.0,0.0,0.0,0.0,1.6506131694990966,0.8127291945930836
2,8.2,0.009643972799001905,-8.202799607279426,0.9999999740249764,0.00022792552826921594,0.0,0.0,0.0,0.0,0.0,1.1916548569836192,0.7695069500844293,0.6949891265042567,0.3812279500691213,0.9244810707023691,0.0,0.0,0.0,0.0,0.0,1.6575779298303384,0.7996413530315691
2,8.4,0.011139033894106948,-8.398727963562106,0.9999999946385507,-0.00010355142864202194,0.0,0.0,0.0,0.0,0.0,1.2647217320733026,0.7537948107965666,0.6888171162786504,0.3775201274149693,0.9260013787228317,0.0,0.0,0.0,0.0,0.0,1.664133276571117,0.7860760322121797
2,8.6,0.012638733503303492,-8.596733590044025,0.9999999646421618,-0.0002659242285443762,0.0,0.0,0.0,0.0,0.0,1.342929144783146,0.7380801736004354,0.6831704046851562,0.37399234614960825,0.9274317899563206,0.0,0.0,0.0,0.0,0.0,1.670305636669348,0.7720523418486381
2,8.8,0.014128205348210467,-8.80772152009106,0.9999998024431985,0.0006285805999612819,0.0,0.0,0.0,0.0,0.0,1.4360388289687724,0.722420540028773,0.6780063955548356,0.3706360325498593,0.928778192776057,0.0,0.0,0.0,0.0,0.0,1.676119518047009,0.7575937836548396
2,9.0,0.015594539612809388,-8.999458140622636,0.9999999990267605,-4.4118930127092887e-05,0.0,0.0,0.0,0.0,0.0,1.516806067912873,0.7068664503074882,0.6732853705875705,0.36744292370284365,0.9300460729559098,0.0,0.0,0.0,0.0,0.0,1.681597854972034,0.7427281610824152
2,9.2,0.017026927772629864,-9.20234939898982,0.9999999817082164,0.00019126833019261386,0.0,0.0,0.0,0.0,0.0,1.6116845866271714,0.6914613632143811,0.6689710101382128,0.3644050525417955,0.9312405477007611,0.0,0.0,0.0,0.0,0.0,1.686762103922128,0.7274873418363325
2,9.4,0.018416124439904827,-9.400927791492899,0.9999999971485546,7.551749539782595e-05,0.0,0.0,0.0,0.0,0.0,1.707031002961751,0.6762417848256171,0.6650294498168148,0.36151485052509846,0.9323663511999002,0.0,0.0,0.0,0.0,0.0,1.691632188355344,0.7119068807548362
2,9.6,0.019754510944964145,-9.598825391873833,0.9999999954335898,-9.572431450594332e-05,0.0,0.0,0.0,0.0,0.0,1.8062202471687456,0.6612376002005389,0.6614296510286409,0.3587650765742988,0.9334278867908054,0.0,0.0,0.0,0.0,0.0,1.6962266837555777,0.6960255196439326
2,9.8,0.021035872717680554,-9.80195972281185,0.9999999872747921,0.0001595318659461024,0.0,0.0,0.0,0.0,0.0,1.91579166041481,0.6464725594636634,0.6581427970718312,0.356148789741607,0.9344292587273386,0.0,0.0,0.0,0.0,0.0,1.700562952549046,0.6798845882152337
2,10.0,0.022255281308174654,-10.000487142617507,0.9999999992216763,3.945683778350884e-05,0.0,0.0,0.0,0.0,0.0,2.025553892790975,0.631964870458669,0.6551426490022059,0.3536594276244313,0.9353742615939143,0.0,0.0,0.0,0.0,0.0,1.7046570722172083,0.6635273357167931
2,10.2,0.023408982397907688,-10.191586014002949,0.9999997654012888,-0.0006849798299040403,0.0,0.0,0.0,0.0,0.0,2.1316649520342468,0.6177278534980478,0.6524047525706931,0.3512906373026905,0.9362664621487989,0.0,0.0,0.0,0.0,0.0,1.7085241927682886,0.6469982257408202
2,10.4,0.02449409287947148,-10.401741297332993,0.9999999899530148,0.0001417532029765134,0.0,0.0,0.0,0.0,0.0,2.2661764963390976,0.6037706189845053,0.6499069525635375,0.3490364783418467,0.9371091381409331,0.0,0.0,0.0,0.0,0.0,1.7121782501615037,0.6303422269056869
2,10.6,0.025508859745539535,-10.593025818891048,0.9999998388252263,-0.0005677583554303682,0.0,0.0,0.0,0.0,0.0,2.383024087593754,0.5900987351459105,0.6476286199751893,0.34689124299914065,0.9379053606534894,0.0,0.0,0.0,0.0,0.0,1.715632328704541,0.6136041298088694
2,10.8,0.026452109751887394,-10.808203360521823,0.9999997768935058,0.0006679918599921791,0.0,0.0,0.0,0.0,0.0,2.5377544079006875,0.5767148602027405,0.6455509335644244,0.34484952227620147,0.9386579819006898,0.0,0.0,0.0,0.0,0.0,1.718898592280297,0.596827916261359
2,11.0,0.027323424161366506,-11.001761903722254,0.9999999897284919,0.00014341468202080912,0.0,0.0,0.0,0.0,0.0,2.6697101804565624,0.5636193204030884,0.6436567977368811,0.34290616531161433,0.9393696619501284,0.0,0.0,0.0,0.0,0.0,1.7219883931986901,0.5800562009597146
4,3.0,0.09370762763380854,0.94207322004974,0.9523980542945506,-0.2701401787181142,0.14128775607993663,0.0,0.0,0.0,0.0,0.35139626774859506,0.9985766244217122,-0.6521648079470419,0.43790266223744556,0.8211636553723973,0.3659665415045497,0.0,0.0,0.0,0.0,2.1448475371909144,0.999642223501209
4,3.2,0.08155351214430794,0.9814644232928916,0.946667101414488,-0.28104382329497113,0.1575936816222733,0.0,0.0,0.0,0.0,0.39746101914667076,0.9980559127442644,-0.7517533692715888,0.42156003783013973,0.8226361856061177,0.3815191222422164,0.0,0.0,0.0,0.0,2.2467222323899545,0.9995411147032782
4,3.4,0.07042819898041261,1.0275060727570116,0.9404734918181981,-0.2913740978696939,0.17495927034776437,0.0,0.0,0.0,0.0,0.44923514328705194,0.9973865085444245,-0.8478717041130023,0.40560391282297825,0.8232665201086447,0.3971368816553391,0.0,0.0,0.0,0.0,2.3492439384262265,0.9994135831648707
4,3.6,0.06029495544610468,1.0798108769201606,0.9338125100634136,-0.30101588078846075,0.19334848218294806,0.0,0.0,0.0,0.0,0.5070735941995209,0.9965398318137402,-0.9404892039982535,0.39006162824441865,0.8230829632411613,0.41277882914964625,0.0,0.0,0.0,0.0,2.452148030994348,0.9992533364107113
4,3.8,0.05111548103950112,1.1378411360591458,0.9266867226264693,-0.3098521147562467,0.21270492493227022,0.0,0.0,0.0,0.0,0.5712383119355824,0.9954855730838612,-1.0295835655103283,0.37495684728143547,0.8221179440110665,0.42840337161608205,0.0,0.0,0.0,0.0,2.555155488069418,0.9990527549588502
4,4.0,0.042851160931732676,1.2009050877210241,0.9191066945548106,-0.31776856061920894,0.2329506941534454,0.0,0.0,0.0,0.0,0.641865968261331,0.9941923889248194,-1.1151413984923737,0.3603095678288577,0.8204076355140981,0.4439688355436466,0.0,0.0,0.0,0.0,2.6579757005569635,0.9988026638911242
4,4.2,0.03546364102055803,1.268164528824443,0.9110912861573921,-0.32465960128965227,0.25398584917027117,0.0,0.0,0.0,0.0,0.7189375000171738,0.9926286353660043,-1.1971591511526989,0.34613600176033993,0.8179916605725225,0.4594339033197607,0.0,0.0,0.0,0.0,2.7603101847489473,0.9984920832313364
4,4.4,0.028915048170749066,1.3386666429543717,0.9026670228765897,-0.33043447300760026,0.27569059624883013,0.0,0.0,0.0,0.0,0.8022602818541922,0.9907630586329819,-1.2756430042217377,0.3324490552420504,0.8149125486112946,0.4747580054981222,0.0,0.0,0.0,0.0,2.861855393879575,0.9981079623655866
4,4.6,0.02316730630557727,1.4113911175985256,0.8938667855633708,-0.3350230769065629,0.29792903115825536,0.0,0.0,0.0,0.0,0.8914640369612559,0.9885653746298323,-1.3506095754089946,0.31925809400794525,0.8112153893188562,0.4899018897119642,0.0,0.0,0.0,0.0,2.9623079432292063,0.9976349067064954
4,4.8,0.01818134602790135,1.4853101348707298,0.8847278346707425,-0.3383803614969766,0.3205548151463869,0.0,0.0,0.0,0.0,0.9860149727862417,0.9860066996275436,-1.4220860957815087,0.3065693563925344,0.8069472255133343,0.5048280944821022,0.0,0.0,0.0,0.0,3.0613688796392147,0.9970549079947719
4,5.0,0.013916163509783554,1.559442648063441,0.8752898955729576,-0.34048831384535283,0.3434171033078463,0.0,0.0,0.0,0.0,1.0852408837428387,0.9830598352606802,-1.4901101058641917,0.2943859659102698,0.8021567664818344,0.5195011309540684,0.0,0.0,0.0,0.0,3.158747690190173,0.996347092774792
4,5.2,0.010328188876559615,1.6329050674788739,0.8655932424274723,-0.341355801768014,0.3663666950797116,0.0,0.0,0.0,0.0,1.188368524722038,0.9796994472087415,-1.5547291632336344,0.28270832357906545,0.7968936694010027,0.5338880813876179,0.0,0.0,0.0,0.0,3.2541670055135077,0.995487506357376
4,5.4,0.0073708791168990385,1.7049434080190016,0.8556770841432085,-0.34101651187408166,0.3892614369565295,0.0,0.0,0.0,0.0,1.2945646881733834,0.975902196844806,-1.616001114018151,0.27153405940420167,0.7912081721713939,0.5479588331915841,0.0,0.0,0.0,0.0,3.3473672677621904,0.9944489516640601
4,5.6,0.004995050004829222,1.7749509599138025,0.8455788882815701,-0.33952505325113663,0.4119697585217405,0.0,0.0,0.0,0.0,1.40297348991818,0.9716468839870526,-1.6739934693671075,0.2608584994392378,0.785150406967048,0.5616864621030301,0.0,0.0,0.0,0.0,3.4381104819239314,0.9932009034296014
4,5.8,0.003149366399160312,1.8424672894316239,0.8353338849010866,-0.3369528379601985,0.4343732101858054,0.0,0.0,0.0,0.0,1.5127494917466913,0.9669146402495147,-1.7287821802152412,0.2506747163847962,0.778770140886335,0.5750471756556544,0.0,0.0,0.0,0.0,3.5261824631005068,0.991709518077114
4,6.0,0.0017812948594554015,1.9071693395575355,0.8249752055057947,-0.33338323211149473,0.4563677583348387,0.0,0.0,0.0,0.0,1.623083352372975,0.9616891849997993,-1.7804520363419445,0.2409738590909295,0.7721160540326585,0.5880207465216529,0.0,0.0,0.0,0.0,3.611396940559035,0.9899377580064076
4,6.2,0.000838047349329939,1.968852162057078,0.81453408912615,-0.3289078210703225,0.47786385392797265,0.0,0.0,0.0,0.0,1.7332197172048485,0.9559571288511314,-1.8290946732124223,0.23174534842929045,0.7652354661809944,0.6005903552250571,0.0,0.0,0.0,0.0,3.693595949289425,0.9878456459765876
4,6.4,0.0002676192574416167,2.0274111900174887,0.8040402579851728,-0.32362242640182737,0.49878631563960135,0.0,0.0,0.0,0.0,1.8424703277688543,0.9497082896384134,-1.8748085815209425,0.22297706344810497,0.7581738806221683,0.6127426832847366,0.0,0.0,0.0,0.0,3.772651885085287,0.9853906607404587
4,6.6,1.9700577893980253e-05,2.0828195646159613,0.7935222582933845,-0.31762436686290146,0.5190733928532254,0.0,0.0,0.0,0.0,1.9502197893910385,0.9429359760416862,-1.9176978055164535,0.21465572148509313,0.7509746221957324,0.6244678038651647,0.0,0.0,0.0,0.0,3.8484673252338037,0.9825282792180683
4,6.8,4.644363979150837e-05,2.135110963249039,0.783007712947507,-0.3110098506618995,0.5386759640602149,0.0,0.0,0.0,0.0,2.055929221488686,0.9356371944221216,-1.9578709345311427,0.206766911659473,0.743678551508594,0.63575911811699,0.0,0.0,0.0,0.0,3.92097496557744,0.9792126634893819
4,7.0,0.0003030667281408476,2.1843632288401373,0.7725233456388342,-0.3038723508920438,0.5575565216248606,0.0,0.0,0.0,0.0,2.1591370539059924,0.9278127430493052,-1.995440028203941,0.1992954743222498,0.7363238660131233,0.6466130823843362,0.0,0.0,0.0,0.0,3.990136101535337,0.9753974830425453
4,7.2,0.0007482874314328618,2.2306845331901233,0.7620950999081494,-0.2963010599582099,0.5756880583819932,0.0,0.0,0.0,0.0,2.2594561480469553,0.9194671718422596,-2.0305202399057363,0.19222552128903406,0.728945908673844,0.6570290794120218,0.0,0.0,0.0,0.0,4.055939956222207,0.971036854425521
4,7.4,0.0013445939888425452,2.274203769890163,0.7517479255944686,-0.2883800653241449,0.5930531125367347,0.0,0.0,0.0,0.0,2.35657192884475,0.9106086020027765,-2.063227571528048,0.18554081672657313,0.7215770945973254,0.6670090718526486,0.0,0.0,0.0,0.0,4.118400150646939,0.9660863721943562
4,7.6,0.0020583664463576113,2.3150610845042783,0.7415057404220694,-0.2801876105958857,0.6096426328554615,0.0,0.0,0.0,0.0,2.450236644997109,0.9012484158097436,-2.09367926599373,0.17922484745280623,0.7142467727955076,0.6765574636398427,0.0,0.0,0.0,0.0,4.177553900876425,0.9605041973882019
4,7.8,0.0028598888294211144,2.3534045934886043,0.731391071327122,-0.27179549893009586,0.6254552802114819,0.0,0.0,0.0,0.0,2.540266997764385,0.8914008402843427,-2.1219923799481832,0.17326096514665812,0.7069812656394181,0.6856807770324352,0.0,0.0,0.0,0.0,4.233458846094253,0.9542521633029588
4,8.0,0.0037232459932598698,2.389380729547808,0.7214250805341781,-0.2632692771717186,0.6404960115988938,0.0,0.0,0.0,0.0,2.6265344903582,0.8810824580505647,-2.1482828927457107,0.1676325702643819,0.699803975904944,0.6943872958906663,0.0,0.0,0.0,0.0,4.286189997595411,0.947296853710732
4,8.2,0.004626159317140929,2.4231362798415574,0.7116272019799149,-0.2546678707616745,0.6547755348246206,0.0,0.0,0.0,0.0,2.708963567302736,0.8703116838385707,-2.172664938257455,0.16232321730382585,0.6927354058125705,0.7026868652953836,0.0,0.0,0.0,0.0,4.335837200967269,0.9396106064659148
4,8.4,0.005549752704666995,2.454812590941305,0.7020150329377721,-0.24604388350359435,0.6683092853760805,0.0,0.0,0.0,0.0,2.7875235850345974,0.8591082456848161,-2.195250773664241,0.15731677452806322,0.6857932461873376,0.7105906387906182,0.0,0.0,0.0,0.0,4.3825030043991795,0.9311723961162683
4,8.6,0.006478294733319593,2.484545819291193,0.6926042546825726,-0.2374436737761986,0.6811166186339614,0.0,0.0,0.0,0.0,2.86222353066718,0.847492706468819,-2.216149218913296,0.15259736149870876,0.678992636214988,0.7181107471922062,0.0,0.0,0.0,0.0,4.426299036717412,0.9219685529642865
4,8.8,0.007398870246120855,2.512465441068828,0.6834086036782013,-0.22890766446980204,0.6932199950705624,0.0,0.0,0.0,0.0,2.9331057133670004,0.8354860548482309,-2.235466241557776,0.14814965443733474,0.6723461662127483,0.7252601689536988,0.0,0.0,0.0,0.0,4.467344734109954,0.9119932829932677
4,9.0,0.008301131518084544,2.538693536767367,0.6744397317474384,-0.220470782823327,0.7046443657347509,0.0,0.0,0.0,0.0,3.0002410243314164,0.8231093859718639,-2.253303710358941,0.14395873135488227,0.6658642363358215,0.7320523905041534,0.0,0.0,0.0,0.0,4.505764095372991,0.9012489628578215
4,9.2,0.009176957008814234,2.563344743118272,0.6657073424549119,-0.21216277667535433,0.7154164454384394,0.0,0.0,0.0,0.0,3.0637230497376335,0.8103836826755738,-2.269759854919088,0.1400102284288372,0.6595550106954736,0.7385014040634515,0.0,0.0,0.0,0.0,4.541684898762047,0.8897461960882136
4,9.4,0.010020188430114815,2.586526510393361,0.6572191579973584,-0.20400858903498603,0.725564245233503,0.0,0.0,0.0,0.0,3.123664045098609,0.7973296982412327,-2.2849284919234156,0.13629031582649306,0.6534248872554559,0.7446212906764026,0.0,0.0,0.0,0.0,4.575235754411073,0.8775036298398595
4,9.6,0.010826315924666862,2.6083389619978172,0.6489810702020364,-0.1960288661221805,0.7351164902069897,0.0,0.0,0.0,0.0,3.1801901589851287,0.7839679331100745,-2.2988988307739717,0.13278587420131277,0.647478431361353,0.7504262738837233,0.0,0.0,0.0,0.0,4.606545082488475,0.8645475448137666
4,9.8,0.011592269260227914,2.628875202194503,0.6409972170313589,-0.1882403131393344,0.7441022458421013,0.0,0.0,0.0,0.0,3.2334378308282323,0.7703186908640703,-2.311755643859285,0.12948428655728195,0.6417187910371162,0.755930428524319,0.0,0.0,0.0,0.0,4.635739695642793,0.8509112432072163
4,10.0,0.012316147343865205,2.648221522104145,0.6332701293865076,-0.1806561203591572,0.7525505361134681,0.0,0.0,0.0,0.0,3.283550300210382,0.75640219376357,-2.323579530919549,0.12637357299024468,0.636147551807403,0.7611478255760794,0.0,0.0,0.0,0.0,4.662944689546843,0.8366342696487171
4,10.2,0.012997047966733295,2.666458393804703,0.6258008027013809,-0.17328633201773105,0.7604901067563278,0.0,0.0,0.0,0.0,3.3306755181029897,0.7422387353608004,-2.334446217073439,0.1234423353667595,0.6307652856571078,0.7660921251711328,0.0,0.0,0.0,0.0,4.688281022398492,0.8217615071877508
4,10.4,0.013634831434951542,2.683659955478062,0.6185889692720455,-0.1661383081756225,0.7679490540835823,0.0,0.0,0.0,0.0,3.3749625357419126,0.7278488471802729,-2.344427054708851,0.12067985971660128,0.625571392807128,0.7707767536774276,0.0,0.0,0.0,0.0,4.711865929091426,0.8063421940539018
4,10.6,0.01423000627967147,2.6998948728937133,0.6116331478426029,-0.15921697873136992,0.7749547381265554,0.0,0.0,0.0,0.0,3.4165602708894682,0.713253457958485,-2.353589065075234,0.11807594452900354,0.6205644477448884,0.775214704143495,0.0,0.0,0.0,0.0,4.733812020898886,0.790428906977705
4,10.8,0.014783551327294671,2.7152267438459123,0.6049307884742783,-0.15252516174300318,0.7815336308765982,0.0,0.0,0.0,0.0,3.455615867543625,0.6984740271000849,-2.361994934819589,0.11562104519009417,0.6157421941379231,0.7794185809097604,0.0,0.0,0.0,0.0,4.754226993466474,0.7740765536747187
4,11.0,0.015296855517847999,2.729714623398363,0.5984784302751504,-0.14606392043270977,0.7877111778428324,0.0,0.0,0.0,0.0,3.4922734702527416,0.683532638359847,-2.369703434992072,0.11330603481266688,0.6111017583086702,0.7834005255741572,0.0,0.0,0.0,0.0,4.773213605948896,0.7573414112593593
6,3.0,0.09350997671877356,0.9420727533942509,0.9523980598911621,-0.27014016553179726,0.14128774356711432,7.837855071302701e-09,0.0,0.0,0.0,0.3513961583613885,0.9985766244217127,-1.447309768232017,0.38588693591640727,0.7801748744875698,0.47967260227906755,0.1110523864246855,0.0,0.0,0.0,3.0472947003215936,0.9999897088211773
6,3.2,0.08129841907802722,0.9814642009153183,0.9466671066673791,-0.2810438242729614,0.1575936483314749,-2.134453702346035e-09,0.0,0.0,0.0,0.39746093449952924,0.9980559127442644,-1.5774045145039504,0.3676180738868798,0.776009183791977,0.4981601975897949,0.12042888348580136,0.0,0.0,0.0,3.238643534535181,0.9999842772907138
6,3.4,0.07010509993077911,1.0275065277085165,0.9404734817223622,-0.29137412276272134,0.17495928326337584,-1.6605088459158148e-08,0.0,0.0,0.0,0.44923528970827065,0.9973865085444238,-1.7046494582873037,0.3497679968437045,0.7706890957456725,0.5164433018304455,0.13033411716210175,0.0,0.0,0.0,3.436739130205302,0.999976029215818
6,3.6,0.05989383404898982,1.0798110204483033,0.9338125128456802,-0.3010158737937966,0.19334847963528,7.459363144210483e-09,0.0,0.0,0.0,0.507073602913955,0.9965398318137402,-1.8289572749543461,0.33237307847763686,0.7642517260862057,0.5344459599998561,0.1407655913829714,0.0,0.0,0.0,3.6413705126033045,0.9999636203036005
6,3.8,0.0506277839140177,1.1378416535068967,0.9266867103561434,-0.30985209739776576,0.21270500367432627,3.008190602122235e-09,0.0,0.0,0.0,0.5712385446781894,0.9954855730838597,-1.950244169531938,0.31546562070062206,0.7567412671946707,0.5520924423152151,0.1517169463860703,0.0,0.0,0.0,3.8522641402415565,0.9999451552005489
6,4.0,0.04227102932180926,1.200905326456667,0.9191066894390717,-0.3177685706369321,0.23295070067235635,-1.0264065656738283e-08,0.0,0.0,0.0,0.6418660574101402,0.9941923889248194,-2.0684295499487764,0.29907403677244754,0.7482086899261072,0.569307972130877,0.163177540476466,0.0,0.0,0.0,4.069079463696088,0.9999180103357135
6,4.2,0.03478928284910628,1.26816406803725,0.9110913005376818,-0.32465959907963715,0.2539858004101916,9.184130809586914e-09,0.0,0.0,0.0,0.7189372658630283,0.9926286353660043,-2.183437326139552,0.2832226415490791,0.7387112433977434,0.5860198739344309,0.17513235436709262,0.0,0.0,0.0,4.291409350373148,0.999878620417665
6,4.4,0.02814983698475667,1.338665907704337,0.9026670417178009,-0.33043446785887404,0.2756905407289353,2.938033438436236e-08,0.0,0.0,0.0,0.8022599267570407,0.9907630586329812,-2.29519672700428,0.26793175245926903,0.7283119467420449,0.6021584208661418,0.1875620442332676,0.0,0.0,0.0,4.518780472391461,0.9998222283726768
6,4.6,0.022320812184834418,1.411391334631805,0.8938667712305239,-0.3350230900403484,0.29792905939925607,-1.179592542236819e-08,0.0,0.0,0.0,0.891464209664311,0.9885653746298323,-2.4036427104087745,0.2532177141767117,0.7170790210318361,0.6176577699777416,0.20044287467978306,0.0,0.0,0.0,4.750654659763505,0.9997426010913472
6,4.8,0.017269828758951195,1.4853102741584034,0.8847278346951615,-0.3383803404132022,0.3205548373329875,2.0897411331150033e-08,0.0,0.0,0.0,0.9860150216285664,0.9860066996275441,-2.5087176785761383,0.23909279787632928,0.7050850650350504,0.6324570457087315,0.21374697753178337,0.0,0.0,0.0,4.9864347922204715,0.9996317164394777
6,5.0,0.012962641596974545,1.5594434477969152,0.8752898934787453,-0.3404883081595612,0.3434171142811179,-4.0090783108134256e-08,0.0,0.0,0.0,1.0852411780098237,0.9830598352606811,-2.610370183118085,0.22556560324799654,0.6924064564308023,0.6465009932248726,0.2274421321646516,0.0,0.0,0.0,5.225465071350614,0.9994794304133074
6,5.2,0.009361914783248106,1.6329048512791011,0.8655932469583161,-0.3413557819561452,0.36636670283829936,2.8342691139411427e-08,0.0,0.0,0.0,1.1883684138371362,0.9796994472087419,-2.7085579623992433,0.21264086114006572,0.6791223153740659,0.6597409057793214,0.24149261308827594,0.0,0.0,0.0,5.467043064614142,0.9992731368453301
6,5.4,0.0064264265116071115,1.7049426663267013,0.8556771144714559,-0.3410165000968977,0.38926138061286686,6.896996886110471e-08,0.0,0.0,0.0,1.294564136713575,0.9759021968448033,-2.803246073618006,0.20031984862256863,0.6653138265327596,0.672135142687233,0.25585898545336605,0.0,0.0,0.0,5.710421572900635,0.9989974354213947
6,5.6,0.004110947879332764,1.7749508718123244,0.8455788819719475,-0.3395250905406767,0.41196974070527737,-9.394264590284889e-09,0.0,0.0,0.0,1.4029734894731543,0.9716468839870526,-2.894408712519099,0.18860041776548303,0.6510631788620778,0.6836498148874903,0.27049870638320106,0.0,0.0,0.0,5.954820133738798,0.998633826663325
6,5.8,0.002366634232364876,1.8424674725387709,0.8353338833043652,-0.33695282374374513,0.43437322428408315,-2.1127887030216394e-08,0.0,0.0,0.0,1.5127496053947818,0.9669146402495151,-2.98202903576156,0.17747729314504027,0.6364527228263871,0.6942590592345723,0.2853666075341087,0.0,0.0,0.0,6.199433237127392,0.9981604546845114
6,6.0,0.0011417945983236888,1.907169200865853,0.8249752129224536,-0.33338323860079144,0.4563677401878806,-2.2120782006120627e-09,0.0,0.0,0.0,1.6230832371647492,0.9616891849997988,-3.066099529352011,0.16694227992914396,0.6215640412972055,0.7039453460217006,0.3004153250973439,0.0,0.0,0.0,6.44344030803852,0.9975519196863186
6,6.2,0.0003829664163126351,1.9688519988537332,0.8145341006612217,-0.32890782116531037,0.47786383420027406,2.8871091217164325e-08,0.0,0.0,0.0,1.7332195236466081,0.9559571288511312,-3.1466230851318184,0.15698447083953251,0.6064769165512033,0.7126995752285844,0.31559616772038973,0.0,0.0,0.0,6.686019138765238,0.9967791821211892
6,6.4,3.605840079287186e-05,2.027411153929592,0.8040402577495307,-0.3236224443957285,0.49878630441663885,3.2246420304639394e-09,0.0,0.0,0.0,1.842470303028454,0.9497082896384129,-3.2236119420120666,0.1475905621864457,0.5912687061116593,0.720520945196085,0.33085935178216014,0.0,0.0,0.0,6.926352983724365,0.9958095790441969
6,6.6,4.7473056518085904e-05,2.082819403299575,0.7935222664393905,-0.3176243606893857,0.5190733841848879,4.2774202421448073e-08,0.0,0.0,0.0,1.9502195964959141,0.9429359760416864,-3.2970892038071247,0.13874515122767017,0.5760133499449863,0.7274167319358141,0.34615502567107737,0.0,0.0,0.0,7.163645803549685,0.9946069703079832
6,6.8,0.00036511399937405755,2.1351112522568854,0.7830076910354413,-0.3110098488909186,0.5386759969355229,-3.276550538157865e-08,0.0,0.0,0.0,2.0559295703779394,0.9356371944221216,-3.3670875882845754,0.13043096337592472,0.5607808574836113,0.7334018760585711,0.36143364794541394,0.0,0.0,0.0,7.397129706285488,0.9931320278947586
6,7.0,0.0009392405328783706,2.184363544552575,0.7725233348678493,-0.30387230349241734,0.557556562388444,-3.195026965228291e-08,0.0,0.0,0.0,2.159137339177214,0.9278127430493056,-3.4336503872538993,0.12262923295583185,0.5456365775334279,0.7384984874883932,0.37664675819721877,0.0,0.0,0.0,7.626077737690079,0.9913426758761018
6,7.2,0.0017231630949032968,2.2306842640549305,0.7620950862022123,-0.2963010792000877,0.5756880666410792,4.815793783106935e-08,0.0,0.0,0.0,2.259456038253141,0.9194671718422591,-3.4968307142235258,0.11531986184474251,0.5306407770171613,0.7427351431619308,0.3917476258293932,0.0,0.0,0.0,7.849812609331111,0.9891946814039333
6,7.4,0.002673724316278555,2.2742038501685813,0.7517479387464517,-0.2883800408754174,0.5930531077529436,-1.3023305678724819e-08,0.0,0.0,0.0,2.356571892490836,0.9106086020027754,-3.5566912024882917,0.10848186125144912,0.5158482859894701,0.7461461882468754,0.4066916490261939,0.0,0.0,0.0,8.067714244428418,0.9866423890463327
6,7.6,0.0037516808095401162,2.3150605139100278,0.7415057651010029,-0.28018765387823813,0.609642582942032,2.0566413145771983e-07,0.0,0.0,0.0,2.45023580225632,0.9012484158097439,-3.6133036780373926,0.10209346633299762,0.5013082811948201,0.7487708514358177,0.42143699811427227,0.0,0.0,0.0,8.279227669037832,0.9836395821114264
6,7.8,0.0049218330536103345,2.35340449588485,0.7313910761039514,-0.2717954968721695,0.6254552755198297,1.8700802225759268e-08,0.0,0.0,0.0,2.540266875749939,0.8914008402843423,-3.6667482015098103,0.09613258873816113,0.48706415526867275,0.7506524760161478,0.43594482940611146,0.0,0.0,0.0,8.483866758233106,0.980140445912339
6,8.0,0.006153127405482943,2.38938169503359,0.7214252234210264,-0.26326939870795163,0.6404958007233766,-7.234980705326405e-08,0.0,0.0,0.0,2.626534196086213,0.881082458050448,-3.7171129064383774,0.0905768132085198,0.4731533879804832,0.7518375852205793,0.45017991714637684,0.0,0.0,0.0,8.681220753585567,0.9761005998932143
6,8.2,0.008330005578533525,3.4707401836687386,0.6931068731077669,-0.1751735929093224,0.6638377120870218,-0.21962824683834017,0.0,0.0,0.0,4.211402868512351,0.8707242527138189,-3.764492657044996,0.08540388925778818,0.45960781907676157,0.752375042681161,0.4641105724864332,0.0,0.0,0.0,8.870953248810663,0.9714781589042459
6,8.4,0.00977403877145063,3.5610502308754324,0.6833748446476378,-0.15858955995479376,0.6712804411316953,-0.2392294767194516,0.0,0.0,0.0,4.436926216248826,0.8601089223715149,-3.8089883514313922,0.08059169120275333,0.4464536926266952,0.7523152091352517,0.47770901786850295,0.0,0.0,0.0,9.052804378213,0.966234779414841
6,8.6,0.011195841440938808,3.630702931483827,0.6741724415648386,-0.14343350309641698,0.6781916142347827,-0.25490092900120875,0.0,0.0,0.0,4.627588613789515,0.8491205399725755,-3.85070601259645,0.07611852451379204,0.4337119971007589,0.7517091560846783,0.490951340211401,0.0,0.0,0.0,9.226588904331807,0.9603366447141715
6,8.8,0.012585037242828851,3.687330449307405,0.6653684376154418,-0.12926872882095616,0.6846288480016037,-0.2680630121047361,0.0,0.0,0.0,4.7944451499024545,0.8377584001628734,-3.8897559158286037,0.0719632068149844,0.4213986724499669,0.7506079289963654,0.5038176184397826,0.0,0.0,0.0,9.392194714242933,0.9537553445839381
6,9.0,0.013931199681639347,3.734612295370286,0.6569038278557378,-0.115908546171569,0.6906455574487862,-0.2793765986071881,0.0,0.0,0.0,4.942753035948068,0.8260268296278596,-3.926251214877692,0.06810524518423716,0.4095250768656991,0.7490619167948364,0.516291711927133,0.0,0.0,0.0,9.549577344782616,0.9464686096589917
6,9.2,0.015225778980699638,3.7746950374688244,0.648746389855675,-0.10325643517377621,0.696289820429771,-0.28921742034269154,0.0,0.0,0.0,5.075597154225967,0.8139332830060887,-3.960307776726017,0.06452493442350636,0.39809829901818644,0.7471202458752112,0.5283612545979272,0.0,0.0,0.0,9.69875762956661,0.9384608684856697
6,9.4,0.01646103211473609,3.808985462125035,0.6408794801561961,-0.09125082801389776,0.7016025925685797,-0.2978264266420529,0.0,0.0,0.0,5.195005412246203,0.8014875335265036,-3.992041990276451,0.06120327921615195,0.38712160219378366,0.7448304088502976,0.540017301371067,0.0,0.0,0.0,9.83981269589696,0.9297236055559674
6,9.6,0.017632654704430706,3.838473355475454,0.6332888887536728,-0.07985490514409854,0.7066220441200997,-0.3053746293808697,0.0,0.0,0.0,5.30251357389376,0.7887012832660367,-4.021570853721357,0.05812236111922638,0.37659493218587253,0.7422377537182528,0.5512541747193083,0.0,0.0,0.0,9.97287192118895,0.9202555104422845
6,9.8,0.018736930810796665,3.863900001077089,0.6259665826600238,-0.06903735593474764,0.711380228873803,-0.31199014543289283,0.0,0.0,0.0,5.399303005987114,0.7755879737777411,-4.04901104267471,0.05526502605747947,0.3665151664682149,0.7393851984036569,0.5620693356048008,0.0,0.0,0.0,10.098111289158643,0.910062420484849
6,10.0,0.019771856631004073,3.8858423297044773,0.618905713463656,-0.05877291084667551,0.7159053171493746,-0.31777514010695795,0.0,0.0,0.0,5.4863637342445575,0.7621627023164913,-4.074477791038825,0.05261515743918585,0.356876526596526,0.7363131087193638,0.5724629210112617,0.0,0.0,0.0,10.215745032213887,0.8991570711339492
6,10.2,0.02073668298113632,3.9047637800844703,0.6121002507132789,-0.04903866621228823,0.7202218128408224,-0.3228142385355289,0.0,0.0,0.0,5.564550019449458,0.7484421919487797,-4.09808436763032,0.050157507785595516,0.3476712900496002,0.7330589963610039,0.5824374698988821,0.0,0.0,0.0,10.326019075722401,0.8875586779593306
6,10.4,0.021631648307044088,3.9210468173272734,0.6055446641599581,-0.03981313486386507,0.7243506852098582,-0.3271798571065382,0.0,0.0,0.0,5.634619356833073,0.7344447817616432,-4.1199415952722624,0.04787792117287194,0.3388896708174312,0.7296575178659005,0.5919978059923383,0.0,0.0,0.0,10.429206372425154,0.8752923816838217
6,10.6,0.022457916634052895,3.9350127409540865,0.5992334624743177,-0.03107550367125627,0.7283098278119465,-0.3309355907653146,0.0,0.0,0.0,5.697256733300608,0.7201904128931201,-4.140157235978342,0.04576290186271925,0.3305204476773893,0.7261404890084141,0.601150547453954,0.0,0.0,0.0,10.525599540001153,0.8623885918900187
6,10.8,0.023217239304878224,3.94693641837309,0.5931611503505594,-0.02280514914284888,0.7321144504939412,-0.33413800482610656,0.0,0.0,0.0,5.753087142574483,0.7057005927159579,-4.158835208225945,0.043800105567241045,0.32255139023107854,0.722536837104123,0.6099038206476156,0.0,0.0,0.0,10.61550412140413,0.8488822661843508
6,11.0,0.023911949020280952,3.9570557729414797,0.5873220190425628,-0.014981781859488456,0.7357773091004483,-0.33683845324084477,0.0,0.0,0.0,5.802688884267048,0.6909983251749345,-4.17607606371995,0.041977980857547774,0.3149691501737511,0.7188726694056898,0.6182672308508003,0.0,0.0,0.0,10.699237065261794,0.8348121598462127
8,3.0,0.09415520348207793,0.6758656522836393,0.9574261410780959,-0.2563759613407552,0.12691390889776938,0.006928257745421689,0.03809737261060831,0.0,0.0,0.2871646466537499,0.9999970461691893,-1.8543265540914489,0.3604935219401165,0.7517499989842101,0.5236248912160832,0.17347077822332013,0.025322363734164955,0.0,0.0,3.684363578400027,0.9999966233185028
8,3.2,0.08219512416078746,0.6275311608006062,0.9535985075644239,-0.2638195114239513,0.1376462030199097,0.009753753052515192,0.04480556727246418,0.0,0.0,0.30755686859701686,0.9999948384105567,-2.0025236558176935,0.3412987392010176,0.7440990930053053,0.541970872813606,0.18781682832704294,0.02870753258826478,0.0,0.0,3.9495235975083607,0.9999940116706374
8,3.4,0.07130777477887953,0.5816245214892461,0.9494575349329074,-0.2710952992488246,0.148763010169451,0.012953240248174586,0.05234031387693846,0.0,0.0,0.3308033418013895,0.9999911598915684,-2.148499369030095,0.32254667642426643,0.7351005090105271,0.55979388681922,0.20289776032944187,0.0324682356976321,0.0,0.0,4.228440535334969,0.9999896646339992
8,3.6,0.0614558016256406,0.5381031506047875,0.9449773806429274,-0.2781837381067354,0.16021636185281798,0.016522993297685074,0.06073932855565218,0.0,0.0,0.35728808761570635,0.9999851752250398,-2.2921123457597803,0.30428211006326217,0.7248022651649885,0.5769830377836075,0.2186848603182748,0.036627583671203855,0.0,0.0,4.521237233633833,0.9999826127993481
8,3.8,0.052596546630773504,0.4969182280418456,0.9401320064939616,-0.28506382601020985,0.1719525013846543,0.020453096572804332,0.07003166122805761,0.0,0.0,0.3874224393943462,0.9999756621110208,-2.433246106122915,0.28654426358348867,0.7132602131002264,0.5934315139521112,0.23514482757676827,0.04120924323517384,0.0,0.0,4.827992502271569,0.9999714481209389
8,4.0,0.04468300482606473,0.45801359678063586,0.934895916331333,-0.291712965544395,0.18391261895160196,0.02472726749441416,0.08023641438333279,0.0,0.0,0.42163680956736604,0.9999608755959546,-2.571788690038997,0.26936786470145185,0.7005392790951288,0.6090357495799473,0.2522367062956433,0.04623604303310585,0.0,0.0,5.148697764294814,0.9999541747379574
8,4.2,0.037664377330067327,0.4213267029811719,0.9292447987969416,-0.2981075328847666,0.196033676184097,0.029323702223330035,0.09136148552444971,0.0,0.0,0.4603708235319747,0.9999383828452789,-2.707633913548919,0.2527830166972589,0.6867126921866691,0.6236971208580394,0.26991181657240176,0.051729465266044744,0.0,0.0,5.483251784994254,0.9999280288690128
8,4.4,0.031486743082186096,0.38678601983835303,0.9231564101048687,-0.3042231322821303,0.20824905990650588,0.034215225540519506,0.10340297702306435,0.0,0.0,0.5040599491440014,0.9999048685969366,-2.8406884491856124,0.2368147880162796,0.671860636710872,0.6373234062586597,0.2881153632180333,0.05771008862587744,0.0,0.0,5.831473620183343,0.999889268037822
8,4.6,0.02609366548224782,0.35432068559796925,0.9166112495919879,-0.31003523673455946,0.22049039455681516,0.039370043259267865,0.1163441219262924,0.0,0.0,0.5531229401925931,0.9998559140116384,-2.9708666771515455,0.2214834693332927,0.6560698332920678,0.649829816760421,0.3067855949593076,0.06419699873190385,0.0,0.0,6.193088305883532,0.9998329321970963
8,4.8,0.02142666215361605,0.32385285099752364,0.9095935535784596,-0.31551978149297927,0.23268788385624978,0.04475224512749395,0.13015536883989967,0.0,0.0,0.6079435023082951,0.9997857546820605,-3.098089599823382,0.20680470507336457,0.6394328702673953,0.6611399553799934,0.32585415202777257,0.07120708810631955,0.0,0.0,6.567720599057741,0.9997525820008187
8,5.0,0.01742591492122559,0.2953006027276676,0.9020921609820881,-0.32065360280310273,0.244771672666175,0.050323002600925024,0.14479441900562237,0.0,0.0,0.668853579448583,0.9996870268514106,-3.222287178555539,0.19278959978605037,0.6220467720846199,0.6711871706104776,0.34524682891191477,0.078755270856264,0.0,0.0,6.954900879140963,0.9996400223610614
8,5.2,0.01403080420087655,0.26858211537630095,0.8941011453628436,-0.32541531420485037,0.25667344949965976,0.056041085361675805,0.160206592296579,0.0,0.0,0.73611765834811,0.9995505140498705,-3.34338918021745,0.17944507840843404,0.6040131144403476,0.6799153511338023,0.3648826682126448,0.08685260629353293,0.0,0.0,7.354035074439672,0.9994850222921912
8,5.4,0.011180598148232277,0.24361346794371216,0.8856205387859902,-0.32978599692502925,0.2683272106685852,0.061863923058380156,0.17632589302627438,0.0,0.0,0.8099163120161232,0.9993649089306826,-3.461333229295454,0.16677375665658653,0.5854360814140724,0.6872800070098338,0.3846760857754744,0.09550711840681268,0.0,0.0,7.764427267645645,0.9992750446405809
8,5.6,0.008815261138588371,0.22030944740380645,0.8766568862479137,-0.3337495906070427,0.2796706056971145,0.06774863384376822,0.1930761235499791,0.0,0.0,0.8903326305829035,0.9991166066045755,-3.576056328131024,0.15477451046271215,0.5664220638110525,0.6932492067403077,0.40453647400366616,0.10472189405960597,0.0,0.0,8.185251731802792,0.9989950013655601
8,5.8,0.0068761854597475195,0.19858575455374702,0.8672234566498093,-0.33729365208365697,0.29064606492627937,0.07365271715845424,0.2103725521522222,0.0,0.0,0.9773429150134499,0.9987895458310624,-3.687502774195349,0.14344231152737605,0.5470777413156103,0.6978041383409207,0.42437047845887205,0.11449598137952781,0.0,0.0,8.615579052609538,0.9986270513422554
8,6.0,0.00530696916496802,0.17835756941135747,0.8573404619016417,-0.3404097357501712,0.3012014948214337,0.07953513720102309,0.22812357541596323,0.0,0.0,1.0708092774972715,0.9983651127910272,-3.795618953588111,0.1327685746481525,0.527509472370428,0.7009396108205951,0.4440823284341101,0.12482311365916494,0.0,0.0,9.054359780317935,0.9981504580097116
8,6.2,0.004054250364481434,0.159543327006048,0.8470346116249375,-0.3430937116257422,0.3112917530126346,0.08535689833961602,0.2462330525484614,0.0,0.0,1.170481236653093,0.9978221188425898,-3.9003525063825064,0.12274174620439532,0.5078220282794768,0.702664318231055,0.4635753086652134,0.1356909739582118,0.0,0.0,9.500423027912936,0.9975415234576854
8,6.4,0.003068336944306925,0.14206071495226558,0.8363391187214694,-0.34534583010507935,0.32087837319945495,0.0910818461258858,0.2646021599392836,0.0,0.0,1.2759955666613934,0.9971368589377907,-4.001659054725865,0.11334701531784161,0.4881168380503668,0.703000589480373,0.4827539623937119,0.14708225427789778,0.0,0.0,9.952507239925444,0.9967736136728963
8,6.6,0.002303798015222174,0.1258318389458838,0.8252926868514616,-0.34717099310923966,0.32993087785717384,0.09667713799238237,0.2831314701729809,0.0,0.0,1.386887264158608,0.9962832517997803,-4.099499727169121,0.10456693013688759,0.4684911260891528,0.7019840364488503,0.5015251544495845,0.15897406682553314,0.0,0.0,10.409258658519025,0.9958172866587347
8,6.8,0.0017199033715772304,0.11077978434575876,0.8139388089621457,-0.3485784033515501,0.3384263239436276,0.10211395078524456,0.30172350968994854,0.0,0.0,1.5026020840372776,0.9952330572622818,-4.193841801532442,0.09638162922739114,0.4490367001831028,0.699662853438327,0.5197997848891186,0.17133796599134515,0.0,0.0,10.869244832172852,0.9946405310833559
8,7.0,0.0012808883386624394,0.09683085651752013,0.8023249590909569,-0.34958139292714996,0.34634964161939796,0.10736722339993066,0.32028380357360775,0.0,0.0,1.6225093514430942,0.9939561611444047,-4.284661974236531,0.0887690852969455,0.429839058093923,0.6960965221467251,0.5374943949400749,0.18414081811627483,0.0,0.0,11.330980369046767,0.9932091181479228
8,7.2,0.0009560421569411127,0.08391455889775316,0.7905012746371971,-0.3501970070202267,0.35369317034454323,0.1124164018130671,0.3387233161836161,0.0,0.0,1.7459236300481815,0.9924209143748034,-4.371944063716862,0.0817057219364195,0.4109764215830053,0.6913551288921008,0.5545320966623128,0.19734435748643694,0.0,0.0,11.792931209600734,0.9914870637183076
8,7.4,0.000719601662272581,0.07196287349485148,0.7785195461007282,-0.3504454288299645,0.36045658308196143,0.11724495954427384,0.3569593659359429,0.0,0.0,1.8721222194369584,0.9905945112592844,-4.455680745865362,0.07516639807516809,0.3925195015766893,0.6855175753055335,0.570843868073692,0.2109061063892706,0.0,0.0,12.253538212833078,0.9894371917170863
8,7.6,0.0005505033784288138,0.06091106290839583,0.7664320356040956,-0.3503496119184167,0.36664585215726386,0.121840719833412,0.37491698056478245,0.0,0.0,2.0003658671653257,0.9884433919616343,-4.5358750040759075,0.06912508495034289,0.3745305448800288,0.6786700103376897,0.5863697911510098,0.22478006734702013,0.0,0.0,12.711243417508339,0.9870217836820958
8,7.8,0.0004320029795207377,0.0506977720835702,0.7542905149235279,-0.3499344918411034,0.37227294349370066,0.12619538812905456,0.39252929836394207,0.0,0.0,2.1299160919560576,0.9859336562461498,-4.61253947584982,0.06355506949841504,0.35706347711596365,0.6709043382414851,0.6010593376790857,0.23891728273611243,0.0,0.0,13.164504084939692,0.9842032936758435
8,8.0,0.0003511869132808197,0.04126495043111379,0.7421451951581631,-0.34922651361137985,0.3773546844903569,0.1303042249256445,0.4097384562797963,0.0,0.0,2.260054005050314,0.9830314788238187,-4.685697736875576,0.05842917840912476,0.3401633969104512,0.6623163167201961,0.6148723286856269,0.25326667869206115,0.0,0.0,13.611821130292283,0.9809451028265562
8,8.2,0.00029843285160132413,0.03255758979586471,0.7300439303275885,-0.3482529731964131,0.381912347441285,0.13416599929901235,0.42649521680294317,0.0,0.0,2.3900934104412452,0.9797035205627072,-4.755382441584753,0.05372022344873674,0.3238671978710374,0.6530041696488886,0.6277786563837258,0.26777544462959496,0.0,0.0,14.051746277716251,0.9772122841524937
8,8.4,0.00026685546719830097,0.024523712706769046,0.7180315843070734,-0.34704145627042854,0.3859703793856918,0.1377822270356601,0.4427592977197641,0.0,0.0,2.5193937083611666,0.9759173336116944,-4.821637862633747,0.0494013310936926,0.30820332598951367,0.6430665716002693,0.6397587019842499,0.28239052049072755,0.0,0.0,14.482917633000074,0.9729723463787098
8,8.6,0.0002517403255338122,0.017114329774775627,0.706149455505887,-0.34561943230563263,0.3895558575572731,0.14115690385368926,0.45849876427317765,0.0,0.0,2.647368285688003,0.9716417614585695,-4.884516942377984,0.0454459541328712,0.2931924428007287,0.6326015728611311,0.6508027883126072,0.2970586431593152,0.0,0.0,14.904060732314562,0.9681959255154834
8,8.8,0.0002500373085936365,0.010283797779638355,0.6944349292890243,-0.344013660190086,0.39269762436937544,0.14429630249175365,0.4736896489400772,0.0,0.0,2.7734913015113123,0.9668473365928715,-4.944083158433749,0.04182828950332149,0.27884779397714843,0.6217048330371469,0.6609109488332849,0.3117276379931793,0.0,0.0,15.314016287141511,0.9628573951895437
8,9.0,0.0002598970982062071,0.003990017734978098,0.6829211671952581,-0.3422500322449084,0.39542577186837746,0.14720829797375887,0.4883152371019298,0.0,0.0,2.8973008924879577,0.961506678516735,-5.000409028996701,0.03852334912805523,0.2651756397775501,0.6104685479893902,0.6700922603343537,0.3263469721401182,0.0,0.0,15.711748654297386,0.9569353710629597
8,9.2,0.0002802785353378145,-0.0018089278336045416,0.6716371312567593,-0.34035313282174595,0.3977703639981614,0.14990217962114363,0.5023657860217139,0.0,0.0,3.0184016729393597,0.955594893364839,-5.053574798700011,0.0355072044817666,0.2521764196931306,0.5989805865287853,0.6783638494840475,0.3408680631682741,0.0,0.0,16.096348149346834,0.9504130908729826
8,9.4,0.0003106373286995888,-0.007148889873416787,0.6606075871296617,-0.3383460813870928,0.3997621057831528,0.15238801175650066,0.515836890586314,0.0,0.0,3.136460204929959,0.949089973632532,-5.1036694404343965,0.03275689787726137,0.23984470916258446,0.5873233301607534,0.6857503264542116,0.3552454035524983,0.0,0.0,16.46705187147355,0.9432786591945669
8,9.6,0.00035067364156287956,-0.012065302432101938,0.6498531631726971,-0.3362504413651827,0.40143066947728323,0.15467673044524088,0.5287296413649905,0.0,0.0,3.2512066460798565,0.9419731929452649,-5.150787967245945,0.030250897097058346,0.22817048211188057,0.5755732660205028,0.6922825804740931,0.36943654195619047,0.0,0.0,16.8232342116791,0.9355251543031786
8,9.8,0.0004001556892637241,-0.016590703906123005,0.639390597076841,-0.3340860010151053,0.4028050462189671,0.15677953508873896,0.5410494251235621,0.0,0.0,3.3624289281457167,0.9342294870182614,-5.195031889314906,0.027968737282314943,0.21713957795842637,0.5638004519377843,0.6979968240393916,0.3834027092508452,0.0,0.0,17.164415538881787,0.9271506027338728
8,10.0,0.0004587970000726892,-0.02075524885085546,0.6292329370044029,-0.3318707813291032,0.40391301258643264,0.15870795407107857,0.552805353688615,0.0,0.0,3.4699691433030484,0.925847808576991,-5.236507668574843,0.025891206804116815,0.2067343730305485,0.5520681751945198,0.7029336664406589,0.3971089711144555,0.0,0.0,17.490257250456146,0.9181578345215331
8,10.2,0.0005261957491580112,-0.024587118162448268,0.6193899403068609,-0.32962110097064956,0.4047810016207681,0.16047332479908194,0.5640094719031749,0.0,0.0,3.57371705448295,0.9168214415878229,-5.275325697528043,0.02400054950473608,0.19693444452010905,0.5404329488222395,0.7071369971847438,0.4105244124604059,0.0,0.0,17.800556118436713,0.9085542379904005
8,10.4,0.0006017876467961406,-0.028112218007693854,0.6098682055659345,-0.3273516009341444,0.4054339523332684,0.16208692489637458,0.5746762917318909,0.0,0.0,3.67360644232652,0.9071482591075867,-5.311599387634952,0.022280184813870396,0.18771734296286785,0.5289445551655325,0.7106529956799803,0.42362220176337506,0.0,0.0,18.095237062329453,0.8983514368487499
8,10.6,0.000684850382271823,-0.031354281888667034,0.6006716116197077,-0.3250752407817996,0.4058952419431985,0.1635597593800891,0.5848221614394254,0.0,0.0,3.7696087637215223,0.8968309096282492,-5.345444480408944,0.020714679925185046,0.17905884543839198,0.5176460564236327,0.7135293967710461,0.43637964219229414,0.0,0.0,18.374347000473247,0.8875649139960208
8,10.8,0.0007745282091992532,-0.03433683629752242,0.5918017521317581,-0.3228034451645287,0.4061863539309649,0.16490222443478705,0.5944649057953082,0.0,0.0,3.8617278533382278,0.8858769189806603,-5.37697787866659,0.019289929991843074,0.1709335285638668,0.5065742127519677,0.7158145336456685,0.4487780607536962,0.0,0.0,18.638042268696076,0.8762136058971622
8,11.0,0.0008698570233657113,-0.037079471267606065,0.5832578509673307,-0.32054607446891015,0.4063274536337402,0.16612445306595636,0.6036233593501046,0.0,0.0,3.949996766357802,0.8742986984664451,-5.406316419032318,0.017993078552891013,0.16331573256073523,0.49575976675663025,0.7175566574707731,0.46080247137739344,0.0,0.0,18.886573725815467,0.8643194889082182
10,3.0,0.0941543255429962,1.0469217844633776,0.9493950288317977,-0.2750508158395801,0.1468345457908352,-0.003084036912649295,0.0369682119988969,-0.007719076993401357,0.0,0.3964175976863141,0.9999977469834176,-2.054225560691731,0.3483845098464545,0.7362825419005061,0.5413829705074221,0.20418955687083537,0.04140187506024595,0.0036387693833491927,0.0,4.049628451788678,0.9999966667210675
10,3.2,0.08219387540875428,1.04040859772994,0.9443944524737122,-0.28343608453825125,0.16073937740057276,-0.0018637161759174027,0.04290481819878935,-0.010082649147058035,0.0,0.43352965493051926,0.9999963667372932,-2.221185861120205,0.3282123956962121,0.7260237132756204,0.5598873064389756,0.2222368086392009,0.047773928178987936,0.0045659427891829255,0.0,4.37979448806704,0.9999940947736348
10,3.4,0.07130605545371424,1.0331366036542342,0.9391130027646298,-0.29122807021100244,0.17505769932200782,-0.00019056658121204258,0.04942124714897298,-0.012856325369429211,0.0,0.4733248294966949,0.9999942128645237,-2.385890263616513,0.3085399081862751,0.7142645121680964,0.5774830596630608,0.24104606596406344,0.05483934742090115,0.0056645894484822525,0.0,4.7307682605899775,0.9999898178395641
10,3.6,0.06145341346591505,1.0256962570532984,0.9335191006525819,-0.29845171559043493,0.1897661233047331,0.0019539391521197786,0.056524221173199954,-0.016083381716887227,0.0,0.5162542783274049,0.9999908829420543,-2.547926213937898,0.28943250463028275,0.701096507229741,0.594021790417264,0.2605063787765343,0.06260033602273947,0.006946212618693801,0.0,5.102470344627589,0.9999828844614971
10,3.8,0.05259344540146561,1.018431708458229,0.92758501661964,-0.30511700947446113,0.20482456262422097,0.004587604606867612,0.06421325247790138,-0.01980298230961761,0.0,0.562724553282846,0.9999857823371332,-2.706971838100387,0.2709446872723101,0.6866192730342064,0.6093751084368644,0.2805084700965114,0.07105637157950769,0.008421271675061523,0.0,5.49475120434389,0.9999719123321005
10,4.0,0.04467915638194696,1.011548905832936,0.9212855983192703,-0.3112263914811121,0.22018077693684038,0.007724710137290962,0.07247985262701441,-0.02405004915445344,0.0,0.6131172262331018,0.9999780443864117,-2.8629711607782635,0.2531102965551594,0.6709186165541441,0.6234407946127782,0.30097538917307237,0.08022853058131328,0.010107490726696809,0.0,5.907925105428156,0.9999549417426201
10,4.2,0.037659836892925284,1.0051627823942146,0.9145982254387002,-0.31677806772867956,0.23577287591425203,0.011374853137102105,0.08130778049597746,-0.0288539487874359,0.0,0.667791551943498,0.9999664254030127,-3.0157889868690346,0.23596222749525853,0.6540975821981911,0.6361214011927664,0.3218091585932005,0.09012293278515295,0.012019382148902014,0.0,6.341966563069433,0.9999292590776293
10,4.4,0.031481775301698565,0.9993419690179661,0.9075026096514353,-0.32176894265083866,0.2515321831907944,0.015541554721030982,0.09067266405368556,-0.034238135327994135,0.0,0.7270887125081761,0.9999491707877903,-3.1654235086170686,0.21952135800174072,0.6362528572296395,0.6473345241247269,0.34292517159161023,0.10075733192815385,0.014176589188052993,0.0,6.797096643124559,0.9998911910145457
10,4.6,0.026088542993744045,0.9941237067693174,0.8999814085576017,-0.32619579416265315,0.26738468045894315,0.0202215407271348,0.1005419372915405,-0.040219509120284345,0.0,0.7913246258450816,0.9999238498053734,-3.3119281102600096,0.20380056372021538,0.6174810110507771,0.6570065188740881,0.36423994099912804,0.11215415513751745,0.01660350090580956,0.0,7.273643173755039,0.9998358724555849
10,4.8,0.021421946421034,0.9895115916579454,0.8920212091426107,-0.3300559431357003,0.2832517099556549,0.025405152803573264,0.11087571283733207,-0.04680662528329555,0.0,0.8607750821109509,0.9998871586509948,-3.4553177792346155,0.18881077673375807,0.5978873540037615,0.6650712528028414,0.3856562463496225,0.12432726271784318,0.019324145876590763,0.0,7.771753652905207,0.9997569939524961
10,5.0,0.017422248015735716,0.9855016685746614,0.8836126658850173,-0.33334868563713344,0.2990526500682846,0.031075477868642332,0.12162685138115234,-0.05400043201420139,0.0,0.9356740114341356,0.9998346942338925,-3.5956647808755,0.17455559774291438,0.5775746644453522,0.6714720420051661,0.4070783461710779,0.13729535398917067,0.022368570461511982,0.0,8.291720948248333,0.9996465372997728
10,5.2,0.014028917653769662,0.982071474371305,0.8747515680503567,-0.3360756222533393,0.31470553921658273,0.037209171745786404,0.1327419404915205,-0.06179278831567029,0.0,1.0161949174140328,0.9997607044430548,-3.732985977675083,0.16103728587982707,0.5566551146157636,0.6761623540079362,0.42839500473678344,0.1510642316744974,0.025765574207051233,0.0,8.833584145384986,0.9994945108552915
10,5.4,0.011181375812327147,0.9791963966619197,0.8654392021715045,-0.3382411692795157,0.33012945616330164,0.043776141506226704,0.14416198777404965,-0.07016702673095401,0.0,1.1024454278752318,0.9996578241965393,-3.8673061138168685,0.14825380669086516,0.535242099776844,0.6791079725304741,0.4494897856387211,0.1656351393741256,0.02954654482530049,0.0,9.397335030026579,0.9992886987356462
10,5.6,0.008819531666589941,0.9768453203757086,0.8556828146870236,-0.33985324556472485,0.34524553183535406,0.05074070732040924,0.15582390055552517,-0.0790980883985247,0.0,1.1944558410438069,0.9995168098433919,-3.9986421101514766,0.13619939180113783,0.5134513677341903,0.6802877528664029,0.47024027817635267,0.1810011226486481,0.03374413023681701,0.0,9.982852541937069,0.9990144400604734
10,5.8,0.006884806421797734,0.9749842539744785,0.8454959677729946,-0.3409231410424093,0.35997879505209956,0.05806227663451155,0.16766158243460508,-0.08855288421000734,0.0,1.2921717608349716,0.9993262869758196,-4.126960021031001,0.12486701095840239,0.49140491151153065,0.6796976700558164,0.4905135358488722,0.1971380682311406,0.03838714681358017,0.0,10.58967557684392,0.9986544556316251
10,6.0,0.00532070916320161,0.9735744400414781,0.8348988113377264,-0.3414660544703798,0.374259039035618,0.0656958837500688,0.1796073828266221,-0.09849019781046371,0.0,1.39544580702109,0.9990725279517374,-4.252243938843107,0.11424485711903741,0.4692214029919495,0.6773493659377116,0.5101781278337665,0.2140156866199954,0.043506181747797745,0.0,11.217289094967422,0.9981887396162538
10,6.2,0.00407372506653289,0.9725810022957597,0.8239175015158632,-0.3415010142054671,0.38802303463205146,0.07359332278399247,0.19159323760452546,-0.10886315600144761,0.0,1.5040431454079846,0.9987392751115916,-4.374454888821908,0.10431890295929207,0.44702014583686916,0.6732725055330682,0.5291005675848307,0.23158943937598672,0.049128504414705676,0.0,11.86491298957294,0.9975945328079134
10,6.4,0.0030939537594293163,0.9719659683737982,0.8125843074750576,-0.34105063037199923,0.40121476228975794,0.08170457572917965,0.20355245934918406,-0.11961891107920362,0.0,1.6176365585093297,0.9983076237141839,-4.493535263757429,0.09507210471284573,0.42491878051643134,0.6675156308662009,0.547149177647877,0.24980076728180717,0.05527713383558309,0.0,12.531493494358022,0.9968463917797276
10,6.6,0.0023358076339676666,0.9716932935597494,0.8009368070440901,-0.34014086534612714,0.4137867882615052,0.08997841301972224,0.21542083323101638,-0.13070067522984358,0.0,1.7358160520504498,0.9977559752130003,-4.6094303091170445,0.08648477197871819,0.4030296417083429,0.6601443385182516,0.5641991056803611,0.2685809868146754,0.06197230926917559,0.0,13.21579502340814,0.9959163647221796
10,6.8,0.0017583558914637653,0.9717289509557503,0.7890171348979667,-0.3388009162592661,0.42570065538289903,0.09836357380000937,0.22713768931276268,-0.14204903881989941,0.0,1.858097292055082,0.9970600670965886,-4.7220860345561295,0.07853418418753673,0.3814586251662146,0.6512405989436936,0.5801345427377324,0.2878514377617409,0.06923036617431687,0.0,13.916387512221366,0.9947742800549105
10,7.0,0.0013257055392035424,0.9720404535836074,0.7768710887330498,-0.33706250814766275,0.43692732229309683,0.10681004359320398,0.23864703205167054,-0.15360306249440783,0.0,1.9839328832022212,0.9961930807554286,-4.831445666961859,0.07119560863840547,0.36030438553125876,0.6409020745471837,0.5948505243855338,0.30752351348371193,0.07706236619359615,0.0,14.631618067334143,0.993388148193284
10,7.2,0.0010071059207682794,0.972595443353599,0.7645472522101858,-0.33495930592910744,0.4474469380613664,0.11526980045127665,0.24989860193212501,-0.1653014276605077,0.0,2.112725141128121,0.995125824397746,-4.937454260213135,0.0644423083885047,0.33965692481942733,0.6292397923554992,0.608255975834997,0.32750043694048075,0.08547384225008584,0.0,15.35963730692473,0.9917246704042372
10,7.4,0.0007768550984650429,0.9733649127846532,0.7520956960137619,-0.3325267603896229,0.4572487995470959,0.12369732788990766,0.2608480373922492,-0.177084232603887,0.0,2.2438441149756843,0.9938269845200338,-5.040061395524651,0.05824580353489339,0.3195965821311865,0.6163762799033937,0.6202752408581513,0.3476791061276539,0.09446479436631942,0.0,16.098419365552765,0.9897498418669528
10,7.6,0.000614128741888315,0.9743220224397133,0.7395670943776557,-0.32980068085699166,0.4663309915777813,0.13205088183074756,0.2714574534487413,-0.18889374179711219,0.0,2.3766418898382136,0.9922634372431192,-5.139223900581444,0.05257647271292175,0.30019288143327927,0.6024428083327574,0.6308497639791917,0.36795257257310315,0.10402927841606183,0.0,16.845794745955285,0.9874296293150723
10,7.8,0.0005025554896419253,0.9754412439496238,0.7270115866317092,-0.3268174940225226,0.47469941367048796,0.1402923890922756,0.28169565985034206,-0.20067522505254434,0.0,2.5104679673227315,0.9904006100758651,-5.234906337396911,0.04740381179838897,0.28150479093217096,0.5875768740480559,0.6399388648337745,0.3882114578569085,0.11415542806044761,0.0,17.599466079746232,0.9847306975053912
10,8.0,0.0004297679015081939,0.9766990786329273,0.7144779254124553,-0.3236130994056328,0.4823671316568558,0.14838801258993856,0.2915380715161154,-0.21237786340670803,0.0,2.64468408306023,0.9882028852025613,-5.327077422412163,0.042696920492894204,0.26358031771783896,0.5719205522690002,0.6475203096460477,0.408344942131454,0.12482438790693687,0.0,18.35699887506082,0.9816211537980548
10,8.2,0.0003868289128362981,0.9780740605148093,0.7020126138529721,-0.3202225325087476,0.48935336744841346,0.1563084068970719,0.30096647520063236,-0.22395527270113144,0.0,2.7786769862656886,0.9856340368085985,-5.415716451650956,0.038424760069296335,0.24645649849111334,0.5556169529717035,0.6535902222271233,0.4282443172086081,0.13601161693333527,0.0,19.11589376659749,0.978071276900297
10,8.4,0.0003676405728156711,0.979547168611695,0.6896591486293975,-0.31667955372707296,0.49568269383082153,0.16402858134652612,0.3099684468331704,-0.23536603932822617,0.0,2.9118698267387066,0.9826576967211842,-5.500814731947895,0.03455657025864526,0.2301595545877922,0.5388075036912121,0.6581626601458871,0.4478049481619113,0.14768729817825693,0.0,19.873626919777713,0.9740541947952317
10,8.6,0.00036835253550534315,0.9811002756500518,0.6774576719142434,-0.31301610988547257,0.5013837345930169,0.17152806228694298,0.3185373198013637,-0.24657345385148746,0.0,3.0437286651967295,0.9792378441824711,-5.582368444571218,0.031062113210938005,0.21470592789937268,0.5216311724578744,0.6612686892842016,0.46692645420404566,0.1598150072941737,0.0,20.627615382985272,0.9695464783765495
10,8.8,0.00038679440080792763,0.9827179641086232,0.6654443756922882,-0.3092622456146941,0.5064885028507574,0.17879018260698734,0.3266711902294702,-0.2575462033389738,0.0,3.1737716661810187,0.9753393164113948,-5.660387417088632,0.027911931122308213,0.20010241181651303,0.5042207495344135,0.6629551245216829,0.4855161753786794,0.17235408594838525,0.0,21.37532351086345,0.9645286214430098
10,9.0,0.00042196777464993776,0.9843852106049407,0.653651463604979,-0.3054457113990777,0.5110311647151413,0.18580266321539898,0.3343726921368882,-0.26825753167542155,0.0,3.3015691533268354,0.9709283364406305,-5.73489035720672,0.025077735538470817,0.1863471653609347,0.4867022313254302,0.6632828313499668,0.5034893986313639,0.18525952140246363,0.0,22.114253904602243,0.9589853843084821
10,9.2,0.00047360457601224075,0.9860895381093088,0.6421069516188145,-0.30159181861507295,0.5150474489856198,0.19255661730480542,0.34164802618665074,-0.27868573385730433,0.0,3.4267486295177014,0.9659730534485867,-5.805905700555369,0.022532411299134154,0.17343083268779455,0.4691927576058806,0.6623249287367631,0.5207712779567868,0.19848213459552558,0.0,22.84198629356905,0.9529059868996275
10,9.4,0.0005418006604895041,0.9878195791279848,0.6308346184172546,-0.2977235797262533,0.5185738547699392,0.19904623805644484,0.34850657830950127,-0.28881355823609317,0.0,3.548993996758316,0.9604440885830463,-5.873474051208914,0.020250189645973492,0.16133704922164158,0.4517994437365377,0.6601645850174216,0.5372975480336882,0.21197078707426675,0.0,23.556233784490985,0.9462841471283377
10,9.6,0.0006267350180172382,0.9895648682732776,0.6198542027339002,-0.29386158313182853,0.5216468343010386,0.20526881766690086,0.35496039107730815,-0.29862777985736955,0.0,3.6680432694089697,0.954315076428244,-5.937644362863028,0.018206784934614206,0.15004369665995715,0.4346190314763993,0.6568931285918714,0.553014786130124,0.22567180480507715,0.0,24.2548359400978,0.9391179706313268
10,9.8,0.0007284761553631104,0.9913165821424805,0.6091816511868562,-0.2900238101832449,0.5243024371395054,0.21122424096254805,0.3610233560451882,-0.3081189968404622,0.0,3.7836860237655836,0.9475631892713647,-5.998476663161522,0.01637949761118733,0.13952384264444775,0.41773686159023904,0.652607554670743,0.5678812181592094,0.23953084479629597,0.0,24.93581584158609,0.9314097076732797
10,10.0,0.0008468417247742639,0.9930666671794244,0.5988292401532284,-0.28622604909109983,0.5265757521513108,0.21691434553003575,0.36671102596281885,-0.3172811960858717,0.0,3.8957609946425737,0.9401696287064886,-6.056039375315832,0.014747187215555724,0.12974676685294484,0.4012269430516381,0.6474087870090631,0.5818662386575079,0.2534931556195773,0.0,25.597379909170716,0.9231654011657059
10,10.2,0.0009813187696216912,0.9948084070541625,0.5888059039266629,-0.2824819924993371,0.5285006093460571,0.22234289277229735,0.3720398060741105,-0.32611141972263763,0.0,4.004151014328818,0.9321200673753517,-6.110410414973263,0.013290322200562518,0.12067874768458461,0.3851519708137798,0.641399232011757,0.5949505056615483,0.267504930116009,0.0,26.23795353306008,0.914394455586686
10,10.4,0.0011310741192899815,0.9965393393594736,0.5791182224046918,-0.27880335493313557,0.5301088468829058,0.22751447435140784,0.37702618087097467,-0.334609932823078,0.0,4.108778358578698,0.9234050231804731,-6.161675084319932,0.011990948086538413,0.11228396109099736,0.3695636456027861,0.6346812965323549,0.6071252109252393,0.28151353644118043,0.0,26.856178804670385,0.9051091595998279
10,10.6,0.001294871800247913,0.9982426084342199,0.5697669304966781,-0.27519909958304134,0.5314326005090556,0.2324375395443833,0.3816908058566186,-0.34277603556598846,0.0,4.20960617674057,0.9140201493821007,-6.209926479697433,0.010832483759807904,0.10452532695117395,0.35450318348141713,0.6273554961639549,0.6183913563467934,0.29546881062505964,0.0,27.450935723900184,0.8953241952044634
10,10.8,0.0014712929253637155,0.9999261931848418,0.5607553193085698,-0.27167777297102463,0.5324990505402024,0.23711747720532586,0.38604787568927557,-0.35061625806412006,0.0,4.30661988092685,0.903966426489964,-6.255263297363188,0.009800081919345522,0.09736500188987929,0.34000200269160225,0.6195192273680574,0.628759012546957,0.30932294455818815,0.0,28.021330865785487,0.8850561634925701
10,11.0,0.0016586086742580645,1.0015817096438444,0.552081192278813,-0.26824556790883475,0.5333355110249565,0.24156307292784757,0.39011627608030347,-0.3581347205336088,0.0,4.399837119251607,0.8932502460053177,-6.297791070773958,0.008880088059066088,0.09076535859648968,0.326082213815623,0.6112652085733964,0.6382463282975076,0.32303196862825007,0.0,28.566720363583816,0.8743231520340066
12,3.0,0.09415127146630822,-0.2704815994602484,0.9751191721612974,-0.20123499332569714,0.07894990245103056,0.021569394931874396,0.03935888345042806,0.018921681560197107,0.006449800285382615,0.10718061808338619,0.9999998010123322,-2.054225560691731,0.34838455720411327,0.7362825369447269,0.5413829351289607,0.20418958462054812,0.04140189001309657,0.0036387760619875894,6.227439800746332e-08,4.049628365535026,0.9999966667210688
12,3.2,0.08218942857592335,-0.35705218203900646,0.9725993604498537,-0.20837838892768293,0.08531714829646998,0.02466791033492366,0.046248088677000705,0.023143791315960182,0.008178556705877258,0.11906094182897455,0.999999624968107,-2.221186004511668,0.32821241606018553,0.726023686378232,0.5598872940890117,0.22223689648879508,0.047773928533293396,0.004565990691114135,1.0911968905140352e-07,4.379794884252087,0.9999940947736197
12,3.4,0.07129965527318793,-0.4401554338813507,0.9697897833467319,-0.21564265770642246,0.09186868396154486,0.02782330778677778,0.05386933367315106,0.02801294972804048,0.01026636675878287,0.13450287210141132,0.9999993101115638,-2.385890419883903,0.30853986997140087,0.7142644863122688,0.5774831041606007,0.2410460861946626,0.05483933726668148,0.005664632252734672,-9.943064360712358e-09,4.730768733000445,0.9999898178395652
12,3.6,0.06144448783273497,-0.5199162764583497,0.9666618520601746,-0.22299955452479278,0.09856779587797626,0.030978296843009793,0.06221767904425298,0.033568517666954505,0.012763707857319728,0.1541935341661293,0.999998760485413,-2.547926485742993,0.2894325201881694,0.7010964849706666,0.5940217881860124,0.26050642352402886,0.06260034935706346,0.006946203486735087,-2.3155099493932744e-08,5.102470851978199,0.999982884461494
12,3.8,0.05258124644939424,-0.596248443832529,0.9631823424881263,-0.23042997694509484,0.10538856807214698,0.034070866144810356,0.07127608221565108,0.039835946313671204,0.01571763758206923,0.17892986928796742,0.9999978234404336,-2.707020583656157,0.27094200795136913,0.6866143599042601,0.6093775404630102,0.2805162882442339,0.07106212558512269,0.00842310018889269,1.1875979009782698e-07,5.494878221798448,0.9999719123321491
12,4.0,0.04466278776530656,-0.6692027810452973,0.95931995324504,-0.23790348030942626,0.11229878066034138,0.037037772436988026,0.08101411854498164,0.04683265756651404,0.019177158864212174,0.20956791450519976,0.9999962622273886,-2.8630606482072922,0.25310541140252096,0.6709093293796258,0.6234442796129126,0.30098988928025006,0.08023963784728347,0.01011136771018589,5.664083796921257e-07,5.908175413443185,0.9999549417426117
12,4.2,0.037638291494467,-0.7388414643112047,0.9550440142696088,-0.2453858877060469,0.1192658098261466,0.039815511926310346,0.09139012111337622,0.05456337822034459,0.023189912877365382,0.2470237655606203,0.9999937186588934,-3.015789830213136,0.23596220330981799,0.6540974041265242,0.6361214414475759,0.3218094113125453,0.09012309731609841,0.012019419207230767,2.8057424103252695e-08,6.3419699244840535,0.9999292590776178
12,4.4,0.031452136795409216,-0.8051893176690625,0.9503241590020054,-0.25284282194138247,0.12626077718379797,0.042342263563179335,0.10235098384168766,0.06301844420455462,0.027799296177555617,0.2922574904013105,0.9999896637807373,-3.2923205509211497,0.21302151842719166,0.6220812401715509,0.6491331793709868,0.36286609771719636,0.11881474906534445,0.02172273149006029,0.001500740897507214,7.217547572175089,0.9998911936884574
12,4.6,0.02604913049639252,-0.8683120988611874,0.9451329806564974,-0.2602347250167955,0.13325394738579158,0.044560550105313707,0.11383344053577914,0.07217516825692366,0.033045008299319424,0.34623995314782724,0.9999833346452623,-3.493160301602966,0.19484377178161746,0.5966646661930591,0.6573301887501796,0.3919871725239146,0.1394551922853637,0.028898641916400757,0.002716263925082169,7.924118393600714,0.9998358970298796
12,4.8,0.0213708760387872,-0.9282855675042218,0.9394455720424274,-0.26752334009598144,0.14021531544420354,0.046415523591901146,0.12576591036890863,0.08199647588171281,0.03896226345020355,0.40992624430971164,0.999973655670397,-3.666905590553239,0.17872615629764985,0.5730241406599794,0.6629780269370817,0.41712225877395637,0.15780876264663718,0.03537350069732182,0.003816044724053898,8.588356398287106,0.9997570659581391
12,5.0,0.017358218737603417,-0.9851560778049364,0.9332410636450776,-0.27466713920625563,0.14711962541525042,0.04786306482804566,0.1380704460014531,0.09243052015525935,0.045576019509453176,0.48422340049133794,0.9999591436345355,-3.829152935897142,0.16384274093655748,0.5496277508940091,0.6664847469994363,0.4406064318962578,0.17590287614757927,0.04198217888341014,0.004961924783928978,9.257258864820452,0.9996466924425093
12,5.2,0.013950535776198234,-1.0390366792176526,0.9265040175168308,-0.2816243815282255,0.15393874976336272,0.048863284985938976,0.15066298664127947,0.10341525628422804,0.05290749665182422,0.5699534882767568,0.99993779617632,-3.9842097009682402,0.1499648829112872,0.5261488604744688,0.6679462213004208,0.4629748258376468,0.19427300599654684,0.04898439227652874,0.0062124922849248415,9.943974915218059,0.9994948002889306
12,5.4,0.01108743028545184,-1.0900095235668097,0.9192241147926078,-0.2883551214374123,0.16064757325086892,0.0493864866803791,0.1634577808320765,0.11487482614730174,0.06096729528270597,0.6678208070079703,0.9999069644516699,-4.133869707653269,0.1369943085845529,0.5025279851076667,0.6673992923993843,0.4843616205118585,0.21311706669185193,0.05651102084406627,0.007603232822202474,10.65409758297362,0.9992891965956622
12,5.6,0.00870913778495527,-1.1381740438384982,0.911397495062344,-0.29482061680910765,0.1672219948758023,0.049411564520549726,0.1763674526330498,0.12672476913041336,0.06975719448553115,0.7783793349772404,0.9998632114699189,-4.279270822794808,0.12486654970776305,0.4787712865474566,0.6648556050834602,0.5047842586145183,0.23254955380475276,0.06467494008739698,0.009172447122857693,11.391740727267651,0.9990152544502442
12,5.8,0.006757380031877854,-1.1836320836357095,0.9030270809877204,-0.3009850674834356,0.17363906018317038,0.04892658691918889,0.18930544958704654,0.1388724486679292,0.07926938743135033,0.9020020183499344,0.9998021582922924,-4.420965858039706,0.11354334767072856,0.4549487868742079,0.6603363560439472,0.5241695981442662,0.2525903342963981,0.07355139661393525,0.010952345205227936,12.158980068890749,0.9986557443710377
12,6.0,0.005176126724870395,-1.22648810416444,0.8941227089833361,-0.3068159912836857,0.17987765934315703,0.04792892375954765,0.20218817094541228,0.15122006138446148,0.08948637480674092,1.0388620484865463,0.9997183207564064,-4.559395482089738,0.1029904741854982,0.4311393575526843,0.6538657897819086,0.5424197206687615,0.273237137838252,0.08321741468630689,0.012981550784683547,12.957791364958025,0.9981907323999133
12,6.2,0.003912433268613932,-1.2668521906813948,0.8847015363175548,-0.3122844367162549,0.1859182504243239,0.04642479719151516,0.21493598685705806,0.16366676699107602,0.10038164935018411,1.1889156476002227,0.9996049396350893,-4.694695225808424,0.09318367197534022,0.4074543235533251,0.6454969797480372,0.5594010592428893,0.29442345301692824,0.0937169406803744,0.015292053565913327,13.78865451790157,0.9975975618521764
12,6.4,0.0029168881214643896,-1.3048364799483712,0.8747876584888657,-0.317366493015834,0.19174271734044424,0.04442797400704348,0.22747448918222726,0.17611129778403434,0.11192012646826632,1.3518949334420345,0.9994538072195731,-4.8270169869702375,0.08409578564747625,0.38399808453161577,0.6352936671241003,0.5749828788457837,0.3160749106999886,0.10509735022688718,0.017922425442639514,14.652209408975228,0.9968509335357515
12,6.6,0.002144296257790761,-1.3405527360805947,0.8644114796449082,-0.32204309190022945,0.1973354519453755,0.04196010408364096,0.23973643359031938,0.18845421735198462,0.12405869683967408,1.5273150254755943,0.9992550933689204,-4.956374937169187,0.07570161990585714,0.36088488295096266,0.6233474514219473,0.5890300327571819,0.33807878792334406,0.11738212658712116,0.02090719601665234,15.548177979049251,0.9959230957733333
12,6.8,0.0015541171576114255,-1.3741134008202156,0.8536095817692451,-0.32630021698940104,0.20268282002559582,0.03904885369804313,0.2516614768235194,0.20060003313389574,0.1367473567777468,1.7144784501717973,0.9989971742640941,-5.082742123442677,0.06797519525767487,0.3382265082387977,0.6097704517838863,0.6014175812893656,0.36030283948946873,0.13058110489549024,0.024280237230585148,16.47583345036444,0.9947841508569852
12,7.0,0.0011105867493580203,-1.4056312638783344,0.8424235124573436,-0.3301291583888624,0.20777339229368344,0.03572710361448856,0.26319746698058943,0.212459537909437,0.14993063092334863,1.9125015907604732,0.9986664676227527,-5.20608957657566,0.06088792930780464,0.31612561302393904,0.5946913979910248,0.6120367756645507,0.38260391608744604,0.14469402658183056,0.02807606431185749,17.434219677343258,0.9934024787984231
12,7.2,0.0007828156354379636,-1.4352157325309778,0.8308990316142973,-0.3335265431549278,0.21259824164286234,0.03203174627339861,0.27430056648651213,0.22395084368749532,0.16354821305134096,2.120333556720113,0.9982472790840864,-5.32636578415914,0.05440952634542021,0.29467657675632697,0.5782563797623047,0.6207978509045968,0.40482584851659303,0.15970562395785595,0.03232726681183466,18.421963504587392,0.9917452726478798
12,7.4,0.0005447311111363492,-1.4629755146945937,0.8190850609026372,-0.3364938041438581,0.21715088967165125,0.028002911150612445,0.28493514129097924,0.23500111114428462,0.17753690850209178,2.3367920248484735,0.9977216658742816,-5.443504297247,0.04850903678877678,0.2739652113770071,0.5606255105146988,0.6276333235912992,0.42680395470084587,0.17558485778315353,0.0370638148646752,19.437275414138934,0.989779172586949
12,7.6,0.0003747538647571041,-1.4890159809615384,0.80703263709277,-0.33903716427752745,0.22142724738353117,0.023682144639996426,0.29507360440666464,0.24554733452839214,0.1918315109756064,2.560593041097261,0.9970693255966435,-5.557438486479807,0.043153673440619364,0.25406441920142153,0.5419690924432772,0.6325008078565875,0.44837090796115864,0.19228737004611984,0.04231262785786486,20.478055267077234,0.987470978899259
12,7.8,0.0002554659413185239,-1.5134391212882887,0.7947938498308842,-0.3411667992830917,0.22542573548685613,0.01911217797218031,0.3046963533485769,0.2555367976654066,0.2063661577545559,2.790388671144128,0.9962675198136732,-5.6681069207797155,0.0383099618791145,0.23503437618337114,0.522463439735284,0.6353840738141131,0.46936050168880566,0.2097558536193694,0.04809805655459114,21.54192620892238,0.9847884172996396
12,8.0,0.0001731151367779835,-1.5363435079779284,0.7824207977947596,-0.34289682795776644,0.22914696520635663,0.014335449099522267,0.3137909656655717,0.26492737798629173,0.22107541258718777,3.024799321378644,0.9952910436678092,-5.775455262448219,0.033943733139798725,0.21692202844725736,0.5022874883647689,0.6362928937490288,0.48961164225939097,0.22792090412431887,0.05444070358137858,22.626262667390833,0.9817009245501874
12,8.2,0.00011712921401228162,-1.5578233932106906,0.7699647015883211,-0.34424427577066535,0.23259376053591355,0.00939364288246286,0.32235174145442896,0.27368743474536017,0.23589548911469832,3.262448493098121,0.9941122537520762,-5.879420968851297,0.03002116843245211,0.19976272483556018,0.48162189473991,0.6352635360166073,0.5089692189394328,0.24669842538415884,0.06135466322512939,23.72804081684267,0.9781804183828648
12,8.4,7.956889132807609e-05,-1.577969974967145,0.757475172103938,-0.345228906295613,0.23577074914750923,0.004326619152528779,0.3303787636089791,0.28179539131007386,0.2507648901062772,3.501988582217236,0.9927011664470249,-5.979965605088479,0.026508243552200814,0.18357745205761758,0.46064097643073165,0.6323562899882539,0.5272919147609657,0.26599772149694717,0.06885124727783166,24.84418383265936,0.9742020140230188
12,8.6,5.463576534394464e-05,-1.5968684477356512,0.7449994021566281,-0.34587224584600124,0.23868457610925048,-0.0008277346927369739,0.3378776917333857,0.28923893862967553,0.26562524377772684,3.7421278128775715,0.9910256377317007,-6.0770399244347395,0.023372041917194,0.16837714360818132,0.4395155306494843,0.6276554316393964,0.5444502808718513,0.2857146072433346,0.07693307147196052,25.97120721260316,0.9697446504648478
12,8.8,3.819380612595065e-05,-1.6146008415236262,0.7325816646047415,-0.3461974418943093,0.24134321217343252,-0.006034102967640395,0.3448584195929431,0.29601469352030013,0.2804219162403636,3.981651394204551,0.9890516329314586,-6.170617536003512,0.020580355142571435,0.15416023911262974,0.41840469779032324,0.6212646818889226,0.5603336686775213,0.3057413585218445,0.0855989197051539,27.105622407780928,0.9647915932832416
12,9.0,2.7368155372485937e-05,-1.6312442081509344,0.7202629010306996,-0.3462285265431115,0.24375603481028954,-0.011260102007291536,0.35133466053251394,0.3021269455213341,0.2951044416871389,4.219435680547746,0.9867435910275759,-6.260671499784954,0.01810235656411005,0.14091602542055917,0.3974576118866029,0.6133062919116185,0.5748492170775618,0.3259627125835087,0.09483936499702632,28.24369854709826,0.959330787114326
12,9.2,2.0201971396908514e-05,-1.6468717879525905,0.708080536735966,-0.34598996785832997,0.24593320003430016,-0.01647624154389204,0.35732317066717495,0.307586869407425,0.30962680713299756,4.454460599361028,0.9840648832248364,-6.34718610486839,0.015908525211214077,0.12862459627018616,0.37681010662710146,0.60391685051284,0.5879245851476465,0.34626093990918355,0.10463869720929558,29.381633620118365,0.9533550396306217
12,9.4,1.5393114104517843e-05,-1.6615513998762785,0.6960680860111306,-0.34550610741999305,0.24788621033638658,-0.021656167265960386,0.36284327851068593,0.31241147726664953,0.3239475430200208,4.685816445569728,0.980978359808225,-6.430155434434635,0.013971119504215068,0.11725843772557283,0.3565831317907804,0.5932438335463892,0.599508884429753,0.3665180075058579,0.11497451183315938,30.515587069614654,0.946862029231948
12,9.6,1.2079562324583793e-05,-1.675347341080566,0.6842552956098579,-0.34480129749022953,0.24962666915560922,-0.026776853170707632,0.3679160040073139,0.31662272218280657,0.3380298029055172,4.912705488215375,0.9774469733816318,-6.509587149600964,0.012264101798435798,0.10678344652884812,0.33688153560198264,0.5814420475974603,0.6095727644559281,0.38661808558886435,0.12581877580781878,31.64176614782993,0.9398541398883975
12,9.8,9.698566747805393e-06,-1.6883197885480048,0.6726680497430337,-0.3438989871689953,0.2511669364176226,-0.031817901636103464,0.3725636710653592,0.3202465324880871,0.351841501433373,5.134445746113454,0.9734344609002582,-6.585492523653391,0.010763107013270618,0.09716063319467352,0.31779553660515864,0.5686709295259407,0.6181077618969979,0.4064477910282078,0.1371361570205368,32.756346344467104,0.9323381375939285
12,10.0,7.88283756519665e-06,-1.700524762628248,0.6613286812941079,-0.34282199733417096,0.2525192525975076,-0.03676235730361039,0.3768092589850265,0.3233117896031414,0.3653550036252465,5.350461446064795,0.968906062023126,-6.657898476897123,0.009445805863331254,0.08834697584641438,0.2993985012886658,0.555090164031464,0.625125697896468,0.42590091378408873,0.14888690103360094,33.85567535784853,0.9243247126943818
12,10.2,6.396134242118568e-06,-1.7120142876815807,0.6502557086074799,-0.3415920896357032,0.25369619216831213,-0.041595633908928,0.3806764709648904,0.32584981578732225,0.3785468597762188,5.560285597714499,0.9638292477130778,-6.726839475783976,0.008291567610448159,0.08029659012245624,0.28174866607713306,0.5408572847738602,0.6306572102935848,0.4448785248696866,0.16102600849922782,34.93621934000604,0.9158279200402217
12,10.4,5.094687649393639e-06,-1.7228372601209392,0.6394644668924184,-0.3402295946015989,0.25471017612847585,-0.04630584039746668,0.3841888271214702,0.32789334687173693,0.3913980225464051,5.763550400773944,0.9581744310814486,-6.792362109347239,0.007281705626976113,0.07296190288685901,0.26488923577830287,0.526124494105965,0.6347498720507325,0.4632912919542106,0.17350511719198783,35.99466814808155,0.9068645538164585
12,10.6,3.900107377399945e-06,-1.733038889569439,0.6289671014551396,-0.33875400476291234,0.25557327861756207,-0.050883602549471815,0.38736962855436535,0.3294760296960898,0.4038930359909879,5.959976707731963,0.9519156324424168,-6.854520920062727,0.006399201506156231,0.0662946009160129,0.24884982743226483,0.5110369273379907,0.6374661289786367,0.48106001424866457,0.1862721007034832,37.027919449803235,0.8974534956762982
12,10.8,2.788291762790718e-06,-1.7426607992073129,0.6187728318929121,-0.337183253556565,0.25629746519336727,-0.05532141115475816,0.3902417774728539,0.330631960069413,0.41602001026403107,6.149370481435618,0.9450310724498295,-6.913382728567685,0.005628691059299227,0.060246495986447095,0.23364714300508413,0.4957299350195269,0.638880654993355,0.4981174128414346,0.1992738651962789,38.03319047958134,0.8876150734582346
12,11.0,1.7772045146404249e-06,-1.7517434196498158,0.6088877158885475,-0.335535218539644,0.2568942577875307,-0.05961453159503662,0.3928264854455756,0.331395229314032,0.42777081346085793,6.331613907163784,0.9375036708766231,-6.969019905521218,0.004956530678246864,0.05477002521200796,0.21928692289628596,0.48032864411429244,0.63907842418615,0.5144074022476395,0.21245495641878134,39.00794849868642,0.8773704636407778
